18105,0.7995804628369658
20115,0.7783474052401114
6083,1.2650943926948932
56009,0.9883595056894641
41063,0.7875240482950442
31119,0.9832161554203975
6089,0.8477132827489328
48399,0.8008574794770559
24027,0.9279946243879424
28055,0.5630383166527773
12073,0.8885590018633098
16057,0.8644371113540424
26135,0.772400362756844
27031,0.7653145173838193
30023,0.7243364273022578
18117,0.8059955170568213
38017,0.988843222963978
39113,0.8694228714286488
38035,0.9124774365156878
49027,1.4674061636527334
42001,0.8469745668856455
12067,0.8755659807410543
5127,0.8111647801198488
53005,0.9023596454268398
46023,1.0185465140453305
31125,2.179346408261086
19159,0.9806772792350998
41039,0.8319192969196387
51650,0.7434301592703629
51570,0.7185784490422621
12085,1.1895018850906682
20195,0.8186221619192183
16051,1.0901281228534503
35061,0.7616026839238486
22035,0.9962825967902151
27019,1.0690363823159283
42099,0.758740678813509
40131,0.8340031498553621
40003,0.9257670068730047
46065,0.8976305252329199
48277,0.9378162601721587
39119,0.8268036053632264
48000,1.0122026343302575
54011,0.7801563278322121
46035,0.9877168385582277
1105,0.8180455887735231
48369,1.0651687238550858
13303,0.9391064492658551
36109,0.8186828695957505
30041,0.8297226208008068
54053,0.7642924148148815
55071,0.8479818067269216
49057,0.9552445670262167
28079,0.8525246808034427
16033,0.587725269606965
6071,0.8623350034306779
51683,0.7539853217148298
19031,0.8338188517548322
32027,0.7880302490435548
35007,0.8141242214012367
47065,1.0307900208293717
5023,0.9688490641164184
53011,0.9656257026854098
54029,0.7479845132020708
21127,0.8064548224585558
55095,0.8400292059148444
56003,0.9760337868803176
12109,1.014025707726853
1081,0.8959274323556912
28103,0.747932122328862
32000,1.2081951819816177
26111,0.7794576315564408
1069,1.0014408467979405
18007,1.0335050480684014
27049,1.0143989028406655
51790,0.7677950069298877
2290,0.5997175081464368
20079,0.782917584841824
47095,0.7405121816277823
34013,0.9476282223242195
1087,0.7353686254963692
31071,1.092424671038619
17173,0.7586557286465494
24039,0.7981205628456693
48027,0.8193524117035188
19141,1.0755027966941648
5121,1.0517515632112577
20073,0.7764370626938372
19007,0.7937995766860662
51135,0.7466772595662865
8045,1.031065292520053
51177,0.9410405587365874
6047,0.9851594153023459
20201,0.8305976930663009
35049,0.9390227304459305
47083,0.8641032985825114
17179,0.8485412232173816
48167,0.8810689141276233
13267,0.9456587831035884
48375,1.0164716862300185
30071,0.928233098024195
13017,0.7673754750328566
18141,0.798465537522071
13011,0.777295510435844
30035,0.8506244339699902
13163,0.8516176439312838
51043,0.9009157169130793
8009,0.9680126621171574
49039,1.0762212128803301
42129,0.8219310100284742
30065,0.853223919051417
2013,0.5895970398192336
35028,1.0807433327571911
39077,0.8414285794361066
40015,0.856294539267064
48423,0.8631684603125719
12091,1.0938318219248588
2150,0.8189163000898215
49045,0.8214999879388958
12061,1.0157557311326006
13005,0.9132084294325575
54047,0.6873950415423039
15003,0.8624623902540722
17093,0.9678965548549056
5005,0.8231409397688862
5035,0.8351202962347415
17081,0.8333485803572457
19049,0.9645501442005965
20067,0.8238208111859898
19061,0.9087667364769696
46059,1.0658809971295848
48271,0.7557482970861353
1093,0.7532362985115927
41033,0.8466111826799197
17075,0.8646273275419253
21121,0.7262226711155583
36085,0.8464856344039402
6095,0.8158783074945671
39125,1.0305209261549104
36079,0.9139275069194169
35025,0.9922286484149566
20097,0.9470429690958789
36067,0.8804985622341068
41051,0.8771234837456017
51171,0.8366939870366304
31095,0.8122530754599417
40033,0.780272321379019
6035,0.8119808913145026
40137,0.8696486891341222
36103,1.0298379199760734
48033,0.6739058056461122
38029,0.9500383862839107
54035,0.7741349238917936
17057,0.9073819349769044
48259,1.0563546112689675
21011,0.7639390208226292
21157,0.8236489073053066
40143,0.9898070249344535
42123,0.7981765242686997
46011,1.1130573469073763
29157,0.7579346062447662
13285,0.9156470381897098
28109,0.8212084570215082
45023,0.7629808283575907
48125,0.8785867149443212
13249,0.9718957808368847
31083,0.8547195281481647
36061,1.5995687774950915
51141,0.8002553117270408
12121,0.8818730021943011
13243,1.0462904186235866
21035,0.7968859093985114
22065,0.8950270213101971
29011,0.7867671495885892
37017,0.8158670077066439
45011,0.8538843922139663
28085,0.8525332646787533
51153,0.7834150757128866
13297,0.9362359198958713
19067,0.8671083374000452
18093,0.826649190441697
55083,0.7748649144136026
42117,0.8045285818252861
48137,0.9142307744690801
37103,0.8155431501940809
8051,0.8206298831183201
21029,0.8229946183917615
56000,1.057716186633769
21169,0.7909168471000851
38059,0.9635953792953625
51001,0.8266447757998567
46053,0.8547187169442358
51540,0.9511166053294439
48149,0.851682863378121
28073,0.8860117328430391
36049,0.8200529849880488
26093,0.9064705874403466
31101,0.8333662199902993
51037,0.806325618424159
56015,0.8568522833549774
55119,0.8499489946464914
13109,0.8245408840193574
16000,1.0331266795083829
5029,0.8312145587449652
21023,0.7604746486755268
48503,0.878305433783232
13255,0.7856089871462758
55065,0.8984173538003752
1099,0.8635829173407272
21115,0.8143275892673897
55077,0.8954857672784157
5145,0.8226245526136784
27141,0.8076539792891683
35037,0.8897635341288631
12103,0.9576460597383293
39107,0.8476704376936859
51183,0.7252971085341405
29017,0.7284617320973691
5017,0.9699997779922194
26117,0.7717839803080363
38077,0.9327858776853016
26129,0.8272887671209863
48009,0.8402239527290659
13261,0.9334436330746917
51049,0.7692862832913401
24000,0.9065723209678105
8039,0.8133967491416376
38071,0.9943566965134797
24003,0.9618107384886824
23000,0.8386765826059541
13273,0.9455264147015053
48039,0.8269562035752609
48283,0.9172431056331577
39101,0.7695863115484691
19025,0.8590614209636992
48301,0.0
56033,1.0397687296550084
31077,1.323624074014859
16045,0.9304709958733621
18123,0.7637723722898604
29023,0.9017765893067091
46017,0.5478382598091909
22029,0.7854297553982561
22059,0.7712545765822733
22077,1.0404099761634742
27159,0.8105576367633734
49033,1.2536767304296978
48429,0.9151757085018479
37005,0.8327119933661682
51019,0.8316412968787665
20061,0.7237810678655631
19153,1.0154917313098064
46029,0.9524963809600393
19165,0.879721000777736
24021,0.911458342759245
54041,0.7797356744070886
28067,0.8556442102298819
29163,0.7800383691353867
13121,1.2752289300542898
31107,0.8724640666860859
54005,0.7361610304543162
42093,0.7406137975060731
13291,0.9275192255275644
1051,0.7897830417778336
13029,1.1223531837385825
26019,0.8652299930229015
21151,0.8078951828857035
46047,0.8456446332994362
48143,0.9520098797360868
50001,0.7911185004628873
31089,1.0185663526642992
36091,1.0383546893758666
12115,1.1425192582763075
13169,0.7697098444340533
56027,0.8514060537373712
19013,0.8354046620875472
30047,0.8613269329925399
47071,0.9641438646884681
54059,0.7636465401788722
1057,0.7444118598539291
37133,0.7601601095130015
20189,0.9162300282179593
12097,0.8230543114987802
39071,0.7615171721972949
6053,1.0216705206499548
19055,0.8945689062428032
22047,0.8441072252379873
31131,0.7965964682254179
48119,1.2701951874968782
24033,0.7338649475641117
31113,0.5890003762699111
29145,0.8267354457482
18135,0.9528490571567606
8021,0.7742480607432906
24009,0.8258743543502345
20085,0.7455122458934489
26013,0.7093337792402796
29103,0.9741501737421004
47113,0.8335754162834671
51165,0.8883769653798139
47059,0.7751839693527262
16021,0.7739656947812906
28061,0.7315149698896161
51820,0.8119156333287783
18099,0.8449526458327645
49051,1.27244094807924
37145,0.7801036654571932
27043,0.8340467031166663
13157,0.990454536113147
17099,0.8933875191055427
20207,0.9763153863357242
19177,0.8740254186866164
21109,0.6775402768527615
42105,0.8780586202764731
55089,1.04038597855912
21237,0.6620984130070476
40027,0.8685289478054609
18147,0.7926143475777011
2016,0.6374049468285604
19171,0.8949493304198994
47089,0.85536047752725
48405,0.760133730582384
1111,0.7928020863187129
26105,0.7858936197018258
19037,0.9059837508220029
37157,0.7687336057134178
26001,0.7458880835445705
19043,0.9024428106825816
55101,0.840427652453373
6065,0.9381772448072861
35019,0.7888060062562473
47119,0.8391243828915558
21017,1.2537966500105133
24015,0.8348544404022542
37127,0.8578898698057434
26099,0.8734597323088177
38053,0.9311301710847594
17105,0.7656448490752734
19195,0.831866140876636
29127,0.9028185919808868
37109,0.9212975772796163
21005,0.7679919783098225
46071,0.9450569132238987
47077,0.8223345417829984
18129,0.803822585887393
13023,0.8354835627281741
29139,0.7400152109080526
27025,0.8267327434301474
29151,0.7861065418469585
32003,1.2272841831840984
27153,0.8409483369689773
17185,0.8521172722193839
36073,0.7265151799980564
13133,0.9610387706508082
20091,1.119974248883751
28091,0.775473637803547
26147,0.7784372313026539
34001,0.9171427320709408
21163,0.750463244419166
29115,0.7942394641355623
27067,0.8788909105938517
42081,0.7884214686140594
18001,0.8397283446180202
30053,0.828631210189697
5115,0.838908315108976
2275,0.8039757071888624
17045,0.8676485394143272
12079,0.8827186182149269
38023,0.8864052599098751
48161,1.0743898927983093
51710,0.9086428939003369
30029,0.9785253907266742
13139,1.0570253556219482
41045,0.8851456006937218
26123,0.8103574903967417
17051,0.785744547663638
41069,1.0264890658964092
1075,0.7583093319770337
37115,0.7743124406289081
5133,0.820795666778295
8033,0.7386456191253842
47101,0.8311649321972099
27055,0.92062627423094
48289,0.9183467833876313
48253,0.9011860478754714
18153,0.8195587207069893
55107,0.7796233487891981
48247,0.7779812334819299
22083,0.8959644646231936
29109,0.8617502537580419
36097,0.7858140809975878
38065,0.9180288657484834
31000,0.9240811641993146
40000,0.928528130809105
42111,0.7883280832901696
8015,0.956327800322545
26141,0.7889936900651688
48393,0.717053182659388
54065,0.6925984885323627
15000,0.8819488290829101
39083,0.8479893952797414
35043,0.8023746770211744
48265,0.8779058283480853
48387,0.8450654264329768
34007,0.9074530402297586
55113,0.810055895554867
27135,0.9059668723458462
28097,0.8122946483309706
37029,0.7054682352068538
53017,0.8102457169091731
21139,0.8591715078812866
35031,0.7433938387237716
8000,0.9510737948836846
22071,1.036249862441666
27147,0.8022289725220048
40125,0.8042522337327699
41057,0.7981400059362229
45005,0.8099501955414333
35001,0.8090298882058929
35055,0.7890052729628239
17203,0.871804903758186
27013,0.8661228897933987
48131,0.8757679344097239
22023,1.0142836354189941
19019,0.8351492977205621
54023,0.748746475302096
48241,0.8356655375903672
18019,0.8011486857814297
29005,0.7891525316294626
37011,0.8903776977475598
38047,1.0374125838713784
48155,0.859854871769115
2105,0.807364640536318
2230,0.5852647995084614
19183,0.8190324610259458
17191,0.7921942049030594
36055,0.8893505187519978
39065,0.823307245261863
48107,0.8509906296994209
48295,0.9084902366679555
27007,0.8441450046100063
16027,0.8669645991666787
17087,0.7155287655336036
54017,0.7745525266408687
28115,0.7680952256213206
13115,0.951484688973863
37151,0.8252200221075794
48003,1.0737460714641456
40113,0.8604586605756983
6041,1.2213252399284418
13145,0.8203683605085058
27061,0.8362469495946474
40119,0.9075395734020861
55059,0.8356792419177732
40039,0.9531217280756892
18013,0.7940059140294154
29133,0.9592596708883504
20103,0.7611116440035656
30059,0.8417677549616014
1063,0.7561204426163777
5011,0.868091495327644
13127,1.0229610050313427
42087,0.7793045631204897
47107,0.7770266914591513
29121,0.7982854146968922
26087,0.8469642566421549
46041,0.9060966917643558
8003,0.7429089923320681
6077,0.9497273797364787
24045,0.898204299912976
32009,0.5570979017171728
5139,0.8537489924359822
8057,1.0179274426975045
17197,0.9346338944209833
18111,0.8961490400825942
35013,0.8656889665095142
51025,0.7560381800339154
37023,0.7676272648609309
48113,1.2607958954531566
19189,0.8355057895516506
39089,0.8548270129698551
27037,0.9216451132498613
51159,0.8111184441389423
48411,0.9068181429838238
51007,0.8063741755650468
40009,0.9566250273950326
51031,1.0911888595902999
32033,1.118142343438296
16039,1.047750849038759
48021,0.8673330412364366
48417,0.9709841363444643
37121,0.7800257103887787
21145,0.8991497697086149
29029,0.9509651308417226
51680,0.8433125763070277
20109,0.8496840159418109
10001,0.8269031831376827
45017,0.8085599331426588
48015,0.9072890093809487
5041,0.8991690565961744
19147,0.899736480451627
48381,0.8458558888218252
17069,0.8020231944249793
26007,0.7842497815968187
32015,0.8174230312684277
13279,0.8392372362959926
22053,0.8743592569781362
32021,0.6587982097955338
51147,0.730305823942995
22041,0.9974625234682141
6059,1.1769749719354523
27165,0.8012006373151415
13035,0.9340918307907771
16003,0.8278523239886786
8027,0.7928140441669178
23003,0.7763333665674935
30077,0.8395476550163252
51013,0.9417972286699521
21133,0.7104169887398789
16009,0.822793682113643
13151,0.9694951531272095
16015,0.796630433748557
17063,0.8908535469246343
27171,0.9678876617247117
37097,0.9354792114264975
37139,0.8384967615065814
40021,0.8096323264700702
40149,0.8337802155417434
42007,0.7319950535294769
38041,1.0553759595302685
39095,0.8201475362192943
56021,1.4062209686362261
47000,0.9056674929836079
31155,0.799194822774225
4023,0.8404549929611693
55039,0.8990491317241713
20011,0.7942616866689337
37169,0.7953951920041898
36041,0.8207256857675591
28139,0.8449884740216141
34037,0.8521232827009698
6101,0.981483154448682
20169,0.836216034558704
30009,0.8856660713465704
49007,0.8021932246967809
5053,0.7848872840089682
27079,0.8791305121016212
46009,0.9921377068124411
53053,0.8556704735124993
6000,1.03309798686548
20121,0.9017183292652533
2070,0.64334610218573
31057,0.9952032971075978
12023,0.8738496465663476
31167,0.9442894842673716
26159,0.8431408519973225
29199,0.7473285108960792
28127,0.8008526120569216
13223,0.8496796251924782
13205,0.8774833567920839
6027,0.8736645635379695
4017,0.8129568953667644
13315,1.0643051548675553
21229,0.8325107225300133
37083,0.8331062395913683
40105,0.8891377124701326
27097,0.8675488025485538
5095,1.188340844548311
30107,0.6836185676520817
20047,0.7742157609877559
48075,0.8565392760921541
19085,1.0058738110723453
8069,0.9616935234966352
47045,0.8258204518605905
1025,0.8018860543216821
48203,0.8794903995082873
37047,0.8354787873158512
2180,0.6463195468272557
1117,1.042208500477732
47179,0.7894766503389933
54003,0.7714079948679273
13047,0.7918284091672046
17111,0.98226566506017
40069,0.8069862036590906
22101,1.005345563388851
39167,0.9046266727053612
45047,0.8742020491262978
29059,0.7924378569385455
1013,0.9137343464624647
39137,0.854870276068473
37175,0.8307013613329002
19073,0.8381132146216079
18085,0.8661903590595729
40051,0.8616266756293577
21217,0.8378422864068286
30101,0.8394587425885196
39027,0.9011044411480416
50013,0.8098175278975788
51091,0.8329026107923726
28011,0.8251016362529668
21187,0.7723787674222444
12053,0.838582296092649
16081,0.9518620977806117
16087,0.8126562955469853
17147,0.795100017314961
29223,0.727852329664906
55051,0.7705812059580063
48173,0.8065590397341249
13101,1.2604681621070772
51103,0.853536606875948
31185,0.8872409801275236
48087,1.0597821316734986
40045,0.8795964975938629
48215,0.9165881795627459
9013,0.7792420783333499
48465,0.8050018121186431
48313,0.9183279155465683
19127,0.8278135649621632
1123,0.8167516438823229
16063,0.8219156434093102
21193,0.9688856971806444
46000,0.9308289571487336
30015,0.9311171928686847
31009,1.0878347562920043
20157,0.8018861608052402
45029,0.9186275983527578
28023,0.7619526813395475
20133,0.824778658309846
46003,1.0192448951971294
8063,1.1293910390582649
8123,0.974121367302345
39143,0.795592672824063
29083,0.7686209144743966
42055,0.7987365040336701
36029,0.8892164843256587
23009,0.7947592988066768
21089,0.7572339927393448
44005,0.9612162965804733
54095,0.7419855684745296
48435,0.8662522288624815
13199,0.8304959076047235
31015,1.0464722414477865
1043,0.8571774477055989
17153,0.7447221701607428
28029,0.7939519746998364
39057,0.8060735105245281
55000,0.893165904447387
39045,0.8234416855555086
47057,0.7518959941050227
8117,0.9598492268530191
37059,0.8142258304224587
17165,0.8533952000946554
1007,0.8452834420623088
41001,0.8498737911890377
20175,0.8794033323880032
21101,0.8155859120608743
28151,0.7574611936082867
29205,0.8066218357657654
29035,0.8001751471137069
6021,0.983668833654414
31027,0.98855363974973
41019,0.8445339259045685
29089,0.8041904029821051
27133,0.8799135658461601
12029,0.8717660770293161
21199,0.8962037158317283
46095,1.4604362232660995
18037,0.8468306291977183
48197,1.5285078333955406
48453,1.0333507084418896
20145,0.8125947670979686
49013,0.9759547851804671
51067,0.8762469993268158
51115,1.039430179498129
54077,0.73808992721217
17013,0.8689516958796519
51073,0.7729823478035929
13181,0.7681806400063294
21211,0.9530063905060209
28163,0.8764284139440505
4005,0.9245028510906015
50019,0.7733027403667826
53065,0.7985393600744958
27085,0.8926076689192283
46107,0.8828556231291538
27115,0.8234365475715687
13175,0.8380411910235019
29077,0.9046429697181584
48185,0.9010487996683764
48459,0.8069792556799354
20163,1.077692638666579
8081,0.8007742164091409
23021,0.7568157816968397
8099,0.8909882053609914
46119,1.0553451375750809
22107,0.9847056548302768
48349,0.9162778359327585
36011,0.8232222222103011
29229,0.7891244228902226
33001,0.8653652759869394
36115,0.7994330289023848
5077,0.9147561746278902
18031,0.7570942845890757
31143,0.8414080428314142
28035,0.8479202082057138
53035,0.8409060979426531
31179,0.8381692896779018
47149,0.8801760053742944
49019,1.0195704836403472
39009,0.8415240807478528
6003,0.5937699867197874
26025,0.7884108934449026
47143,1.2613565247618812
8087,0.9362136998619532
53041,0.8084970486046719
12059,0.8145835932785854
29095,0.8649832817274641
51097,0.6789195696742467
54089,0.7731473748223988
55033,0.9015563142454426
39021,0.7762777107041039
17117,0.851727422063012
6015,0.77121227975461
16075,0.8465867855694593
16069,0.8120022526219998
22125,0.7904789977059847
29181,0.8600258164082076
31039,0.9193303517401582
54000,0.8020565241272652
46077,0.9105972245559907
29187,0.8675217763637287
31033,0.9372899339514712
51061,0.9595347435281631
55131,0.8508453175008802
37193,0.8672790971502568
47003,0.9306582750127237
28017,0.8346011442731355
20139,0.8079201131613551
56039,1.4191625849766274
12133,0.8474399884758859
53059,0.8832993576155685
26031,0.8188861192387867
17159,0.7957075207627782
55137,0.8663525080483998
5107,0.8672631919637738
37071,0.8233093847006645
47015,0.7586876546151013
17123,0.891606108696314
21041,0.7480834507890044
15009,0.9307698389043219
38003,0.9459579951730616
39033,0.7585078924783192
48233,1.1561704090659828
13217,0.8464350721682556
18165,0.7485321420577384
26079,0.8021991928441876
38000,0.9671700254086052
42037,0.7500817979014419
42067,0.7596722706098366
29053,0.8584533671821447
33013,0.8246666370146797
23015,0.8394112655596939
45089,0.8105395556475035
33019,1.0430559917661018
46137,0.5932779559722563
18177,0.842948866181039
21175,0.8007645943307973
33007,0.7700972311730617
47185,0.7663535176431643
21071,0.924570953977966
53023,0.8493963750819752
47021,0.7835562378709691
28145,0.8843629520565397
48361,0.7697525365349274
6009,0.8616909652433578
9007,1.072370145514312
39173,0.8029814190332504
38101,1.0377487462340265
25013,0.7981833636216131
28157,0.7890965644909478
18043,0.8874368850193657
48093,0.9917665246160604
48331,0.8841572692277386
12041,0.8117216911378999
45059,0.7606482045434304
48483,0.8889110126336008
13309,1.4014016773406472
48355,0.9786824028840589
47027,0.7358980336501617
31149,1.1672014205328354
40093,0.87257380632078
31173,0.936040777888682
27091,0.8514131631367517
55027,0.8894447467436896
1001,0.7156456927237368
13321,0.9209433162955661
29065,0.7857449165191057
5047,0.8176545902196258
29211,1.3100645981895187
19005,0.8992748902186998
1129,0.7486975641993666
36005,0.7764689596446757
18073,0.8239636276730133
42073,0.8295260586884261
1031,0.8514580538182911
5089,0.8680984908978525
26067,0.8483150292123877
39051,0.816085797892132
26061,0.7504724489712137
5101,0.7300473337220257
13083,0.8226803798144039
30000,0.9036601216559748
40099,0.9090638601487919
47155,0.9414601513353079
47173,0.7786714704283556
48081,0.7283190285028084
34025,1.098460979347719
12005,1.045504543552236
39000,0.8582585595783124
48325,0.8314389010276408
31045,0.7808062094244499
48343,0.8721558591286196
48441,0.8742160554399909
19109,0.8681224356567255
26043,0.7874384039155023
20127,0.797112526427546
28041,0.784950183217781
39149,0.7997759799228612
47137,0.818220906222566
51121,0.873953566142086
51770,1.6229636852818863
48063,0.7944704696585253
22113,0.8787034893506422
37065,0.9073629202692112
51630,0.8432634819719187
18055,0.7531011874931655
26037,0.8569269688401537
56045,0.8511873849779824
2198,0.8193106334580778
5071,0.7518091571258795
21053,0.7497220164669576
39161,0.7756503618683607
42031,0.8334046394271234
36017,0.7984694110082686
28133,0.816924607970292
37181,0.8249481163161105
12017,0.8160519442032612
6107,1.3613930142469282
25025,0.9899946360527001
1037,0.8316499013434057
26165,0.7782229002261722
39131,0.8103850106314162
47131,0.8652001680910939
48367,0.960749449630592
55015,0.8017882182631033
26073,0.7977410652325199
55021,0.9315652435332585
48191,0.8054293408994676
39015,0.7756103460957877
38083,1.085760671876797
30083,0.8925168888466296
22015,0.8326902207083545
41007,0.8713090332740839
12127,0.867126265864867
19121,0.8158426302236882
40063,0.9432716973172796
22095,0.7665498403099718
28005,0.800164323392996
5065,0.8048112816800387
22021,0.7299698522432944
13077,0.9772948745116955
39155,0.8064085705647687
45083,0.8793810732233318
47051,0.8271261197369548
12035,0.9439903477655698
48447,0.8396450933164653
46083,1.0233972197212975
31063,1.7540863601920678
42061,0.7684027841271188
48471,0.8658814447584103
51740,0.8038895641773613
17007,0.9173344157828813
48069,1.1174132002527324
18049,0.7923252319425536
54083,0.8494767997748193
4011,0.7457813603587721
8105,0.8125523284103471
42049,0.7914427464851723
50025,0.8759423395575431
47033,0.9159109030994518
12047,0.751784560982127
51109,0.7586932644518612
46125,0.9771169951754599
42019,0.8667891011034917
53029,0.8290469976056516
48105,0.8116449071967484
55045,0.8703576593492901
13229,0.9249599668083557
37199,0.8363680699467794
20029,0.8302143621361043
27073,0.7776742894121872
37187,0.7652951614395057
51085,0.8208028247298873
8111,0.5620514667711964
37077,0.7791135782730669
53071,0.9162171865241608
23027,0.7706262123411091
48337,0.9226356754566376
51079,1.0237556302468134
20053,0.8145136648861594
37089,0.8528041165633757
22003,0.8068275106469865
30095,0.8541952363998074
47125,0.8269227578557383
37095,0.7611717852789064
48307,0.86314713114764
31161,1.0609969847300476
39003,0.8018670151161689
28121,0.8786283433308498
36023,0.8051827252132506
54107,0.7856029511433581
13211,0.9609062541479048
29071,0.8492572170848167
20035,0.8393861203778978
31051,1.1280950013041147
42043,0.869142673258496
18025,0.6689133259502703
27121,0.9674040031127313
46089,0.9368763911614215
48051,0.7909327239884297
25019,1.0679958665079226
48489,0.79655290386625
29047,0.9504130950644886
48057,0.7940731564909658
37041,0.8302847209606099
17025,0.7562463943068138
21059,0.8330351738972895
41025,0.8513870038190073
21095,1.19025047184192
45041,0.7960097732748066
21181,0.7507973610970526
5083,0.8160548045864574
21065,0.7903494836589418
30089,0.8928093857397241
13095,0.8237671746025329
21077,0.8588539912013265
29169,0.7267469565422344
18171,0.7886712030071361
53077,0.9880634022475785
18079,0.8355064737744909
17019,0.8951005744914109
19097,0.9841343270515212
20023,0.8139011385143946
9001,1.196310844765708
17141,0.8446847336120976
19079,1.1507930188874678
27127,0.8112744396684979
34031,0.8262680652291501
38095,0.9901529897821788
47161,0.709526081942538
13059,0.8217312846485685
20005,0.8473981497628826
31003,0.9421273124123118
54071,0.8007423553183404
36121,0.8184904523197439
21223,0.7380959324163106
13235,0.9192834440505341
55003,0.7397643530622676
48045,0.8986620390055569
48227,0.7853234535141403
29041,0.7656137385058693
48495,0.7942299454252949
34019,0.941053103129146
26153,0.7533907337914982
5059,0.7482396846614057
17129,0.7566169189063898
25007,0.9183310290730099
19091,0.8705328750606816
28047,0.9326994920589451
13089,0.8138544316898216
37053,0.7780070101149967
25001,0.876281432316291
45053,0.7667202485071362
48319,0.8906069554553887
51600,0.7644391991825786
45077,0.8069391454038474
8093,0.7977571721225787
51195,0.7426162560042907
48221,0.9114226517296021
45071,0.8401277723610711
47009,0.8334594186391562
13107,0.799428925980249
13053,0.5312199755045601
55009,0.895382143338722
17135,0.7619014202311636
22119,0.9570416959043242
20041,0.7694613925339795
37035,0.9133218081941114
29175,0.8257234246930228
17031,1.0064172314563626
22089,0.803163090681267
40057,1.0343194994975773
22009,0.7938151019200967
21205,0.7714151892887364
26055,0.9800948201149474
49001,0.8274082174205722
42013,0.8253562569967398
19103,0.9178558903191059
31137,0.956674004575158
19133,0.8630450667106415
55125,0.877200841619469
30003,0.8081027193072325
47039,0.771826341744428
40075,0.8391202001451987
26049,0.8079242078879431
31021,0.8355436550141495
40081,0.8581565159521539
38009,0.9190529672337225
45035,0.815238021311203
13065,0.8786563361171947
17001,0.8213507993604201
27103,0.8425212266964845
46101,1.433650043183736
53047,0.8603758450988046
1019,0.8146365226292888
21047,0.8445756650567519
39039,0.8072822914728532
45065,0.7484533350177687
38089,0.8626912204750903
18061,0.7977664877934113
41013,0.8883009102254191
18159,0.817254750524251
18067,0.8077351195321283
19115,0.8672817588926237
13071,0.8855707294554198
17171,0.7413100206818908
27109,0.8276625995408328
6113,0.8684310657310799
29217,0.796777949130463
47167,0.8409268648186737
13187,0.767438433573008
20181,0.8238840759612654
24510,0.9436154494448932
17037,0.8765373131551092
21083,0.8139098364709089
54101,0.6944541003292707
22000,0.9526578995365985
20017,0.947126181170787
18183,0.7949680063835756
48099,0.7846143331641214
48209,0.9144592375298842
48477,1.0458970925274966
8075,0.8886998693366847
2195,1.4407443259795736
36035,0.7711746782626524
50007,0.8497272543991599
37163,0.9266943311600183
40087,0.9118629008649991
48179,1.0459362667058487
12011,1.0385863942102183
42025,0.7833411353458446
13193,0.8781331436772344
20151,0.9557498361134203
45003,0.8155791696673199
26145,0.8022671765800078
1073,0.936640941060703
12065,0.8334142625214311
30033,1.2568706904024374
41031,0.8576164333854328
48373,0.8153470602897939
51181,0.6828193403491895
37143,0.7586323967297315
20059,0.8138813052823637
51157,0.9708546008747497
54009,0.7559795638997336
12083,0.985512236526328
34005,0.9481293902077474
38015,1.0703380008858034
51127,0.8528650889175916
26139,0.9802749402883345
40019,0.8449982293583449
13039,1.002717878767132
24025,0.8438686551592773
5033,0.8221776324497473
48501,0.9564231509314868
47105,0.8943853696575723
26121,0.793606652806378
12101,0.8196901086339767
27157,0.9116833892373207
54051,0.7828066353123405
19163,0.8699385618347236
17079,0.8083102921811274
42103,0.8055052408025584
48507,0.8879469316728008
31069,1.0679584980168637
54057,0.7525890417658245
27017,0.7479903988721712
42121,0.7806320163643846
45000,0.8936159296115214
12095,0.9761566713603267
18011,1.0194352004301814
47087,0.6796234724735088
8061,1.1706578149332902
19059,0.9548187735460897
30051,0.7890483836757123
22039,0.8856749434670268
48037,0.9249022658146954
8025,0.8599316513475768
46057,1.022839504089945
46069,0.8484899448520116
40123,0.8585233756632291
29101,0.7556594865109904
13009,0.8253498249312373
5045,0.7975245807415237
16013,1.4867623338571467
26109,0.8250481917837124
48379,0.8364645941675661
54039,0.85896365744041
36065,0.7943942234364777
1109,0.8460600310808007
36101,0.8217831451448793
12071,0.9922053654988313
37119,0.9448410714518533
41043,0.8049110591766516
40037,0.826055332535632
55117,0.8328266651492195
42097,0.8431584854618269
13131,0.8764686704142771
19157,0.99690301020925
27139,0.9091979357100083
48123,0.8779203208809051
13247,0.7762989879725066
42091,1.1389990878505527
51830,0.8566689283441794
31129,0.8094273463096153
2020,0.9777270154704132
47111,0.7934370131441845
37137,0.793145812120334
17067,0.7997890904753076
42079,0.7913365228161043
38063,0.923880191965945
19071,0.7508989632345731
48287,0.8233018358764507
18139,0.7800878662216897
55105,0.8709352032839967
29003,0.8354615182280988
51017,0.8689397058642097
48165,1.010410442951759
42109,0.9891803836877883
13277,0.9122544682746164
35059,0.8992015928854687
48293,0.8245608536006499
1079,0.7867594118997562
20107,0.794989419852765
29000,0.8926248015758554
6087,0.9453807789996349
51005,0.7330864249571585
24019,0.8706362935381007
51029,0.7519406951998049
39105,0.7057781284961344
18121,0.7831894768348917
13119,0.8326261499465096
51678,0.8048771534990758
21003,0.7795561667698419
37009,0.8085942335441105
24013,0.8064204087731812
38051,1.0128897406441084
31111,0.8792381304369632
8037,1.337766904245402
6039,1.0050913715607523
28095,0.8079568740679806
1103,0.8006755561131175
29027,0.8012382405940529
32013,0.8120087249801444
36071,0.8590285054881951
1067,0.8700411517785943
5125,0.7710666457187065
19175,0.8920058980849274
32001,0.961875115152697
48001,0.9345780502619088
2282,0.5962718949200394
51690,0.7623304633253186
13253,0.8780183552512991
21155,0.8095506887454337
56031,0.9957578653976927
17189,1.074368851022808
48275,1.627996868997695
16055,0.8896542033984451
21009,0.8113814461746113
26005,0.869408815331814
12077,0.6437832389848656
46015,1.0545515428151253
29119,0.806354269094884
37027,0.8517022587736088
42127,0.797219562402626
48135,0.8689818408472575
48147,0.8460591638839298
29021,0.799251636025722
27029,0.8872855005914484
55075,0.8220257119864448
49031,0.5411178441116995
1091,0.8560957173066366
8013,1.0627247275224145
13143,0.8170556110261956
21167,0.8570307408138552
6069,0.9844005547200487
32031,1.1590097702099642
41055,0.6983069781332966
55078,0.5619209207412138
39117,0.782508564220826
36077,0.7942004072421881
27151,0.9117713358378344
18109,0.7478064190735001
13301,0.9855018584774576
46033,0.8731838009851419
51520,0.8887697664024358
5009,0.8034731586558378
16019,1.0580665516767267
17061,0.7264487941646722
5113,0.846026685920626
31123,0.9216258365994663
40031,0.8144541083401202
26133,0.7531602612747584
8043,0.9187546116681171
38057,0.7826519754307208
2130,0.8536666157759801
27065,0.8337295791607988
36083,0.757267212729386
40001,0.8158137139377412
48421,0.8902813344073822
51047,0.8704168777393155
8019,0.857893185109071
5131,0.9462992424943145
6081,1.05351733902428
53000,0.9333590000825568
56025,1.1080986157123645
28077,0.7302328924605945
48269,0.5434026029252135
20095,0.7972379135947001
30045,0.842518263962983
27059,0.8526798010814829
22069,0.8629068054076797
13283,0.8827403448778809
48415,0.8464270025596795
49037,1.0339560714626563
48111,1.1255569895527977
29009,0.8918459232961377
48013,0.908388852894848
48159,1.151846362504783
29015,0.7866162895764366
13265,0.5393279560643123
31075,0.6252983428731311
48153,0.8559769983734349
19047,0.9880197573174663
21021,0.9366358087291528
48299,0.8680925088955274
36047,1.0198723616643481
13137,0.9178420233021792
35017,0.8112226418247013
29149,0.8192832128227656
12119,0.9201069358514886
5000,0.9301821860986915
16049,0.8830490110029281
19011,0.795912454080202
29107,0.7839025482233482
39093,0.806467904429026
20187,0.9598243781389866
2100,0.9111454342153474
12089,1.0895102022047558
18005,0.8292006501783589
31117,0.7659742921013413
13173,0.8256996799611674
31087,0.9210482481844291
32007,0.8527397547463832
34011,0.8007497688476053
39111,0.7872894799080851
29161,0.8436140154217787
47117,0.8536272360478545
48031,0.8884481289713453
17055,0.7446622607741555
42115,0.7733692193744506
40043,0.8090024384700537
15007,0.9543843148044044
45021,0.7865781406848452
20065,0.7789804544982091
21033,0.822666344063914
2261,0.7805273596236166
17195,0.8906563893847861
38033,0.8632335704580156
48427,0.7297627693089892
21235,0.7588099295931559
21027,0.7469997641899222
48019,0.8804455003141065
13161,1.3355337516523509
17049,0.9083645828712075
35047,0.7698864213315525
21015,0.8244056517991336
13289,0.8404307592912358
5003,0.8818243329128879
13149,0.7766435360644625
16007,0.8083453651678878
5015,0.8493520589862993
28113,0.7787544381168131
54063,0.7411771686061848
26091,0.7912212581205491
27145,0.8765695316913519
37161,0.9426177831183562
18151,0.9043562378397837
27047,0.8762070069663086
19065,0.8678913327304927
28083,1.0675579921040441
46051,1.1256929356415624
19181,0.8510728730808765
18145,0.781380906656043
51053,0.7473693678789909
48239,0.8337617595128093
5137,0.8035451692950039
8055,0.7634869875244193
17073,0.833481914663547
20077,0.8509144623012506
28107,0.871753417412677
28071,0.9637200121219968
29113,0.8028009085760569
37155,0.7778511553227668
26115,0.7910582084013413
20101,1.1996686290750558
32019,1.0683099210634577
51023,0.9068208742198614
40013,0.9162936498448644
12113,0.9181290061291032
13021,0.8930956822902755
48251,0.8541353514329524
24031,0.9725239410147952
18115,0.8197190160559347
31093,0.8536119676214362
21125,0.8255928460858232
20205,0.8318683913258275
19139,0.8573301201467576
36059,1.4292517407515168
54033,0.7911422549051914
48025,0.7758307645452687
48171,0.9427979304330952
29155,0.8329115833238461
51041,0.8626786197859638
19187,0.8478361945226979
56013,0.9054792335164182
19029,0.8426029912858786
5027,0.9473580123011125
21161,0.7615021465654818
23001,0.7682492825472137
29125,0.8117792258827773
21107,0.8269731238929777
18103,0.8401295778527745
27023,0.8076921801645167
18017,0.8165301367471398
27053,1.0267362269083424
19169,0.8241108211490469
42011,0.8528121190025685
54015,0.6537385342079203
30081,0.8795772297942897
8001,0.8111702273550282
51035,0.7681224651309322
24001,0.7773025490218506
30021,0.747588723039768
20113,0.805082014064011
6063,0.8128972977785845
17043,1.0377488289630736
30057,0.8334324681869393
51011,0.7636407615274383
29143,0.9345965335222486
13113,0.8957105946494989
17097,1.1682399046695393
19041,0.8700455739090281
24043,0.8045945246556887
53021,1.0480588779170759
54027,0.7337982428609434
54069,0.8111948049174343
42085,0.7971367404594899
8007,0.8592178419896763
22027,0.8148151549235243
20089,0.747480550649557
37113,0.8895572576173509
13125,0.5411274211563099
51175,0.7538688388879183
49049,1.2187969748375862
36089,0.7607603506247738
8031,0.9413270108575572
32510,1.1591492682131312
50005,0.8434101184253257
47063,0.8095458143866325
16025,0.6433015014929421
6093,0.861254820769919
18127,0.8700505375501467
40025,1.0558964119927365
51550,0.848665522360681
30039,0.8624271485366316
13000,0.939922799362627
30075,0.7779491104774948
39081,0.7509664866495296
8049,1.1945672645587193
31099,0.8424212255833505
27041,0.9162818195513776
35041,1.0527657531563877
19151,0.9104813475811204
20071,0.8944163790185331
55057,0.8563077751287381
16043,1.0225022170174216
39099,0.8183502297650678
19035,0.8865288078997365
26011,0.7889022800479515
35023,0.8434180920919492
35005,1.358610278893049
47069,0.7906133616776975
2240,0.9014460405193783
55081,0.8526279776217377
10005,0.8964642289160714
27011,0.8427807452256784
39087,0.7765709979419938
18023,0.7806991869428961
48409,0.8583150216571049
30063,0.9178918876731198
13295,0.8625093782445946
55099,0.8008072451953901
42133,0.8477637565129069
39123,0.79195248945382
54021,0.7889948302754862
5021,1.3709559540449883
40111,0.7868473388199497
20083,0.7721371224860905
21149,0.7931425772589299
13027,0.9009591045149481
26127,0.8583139334391018
36107,0.7841730421083244
53015,0.8340146575740681
51800,0.8214563854810925
27163,0.9550732538800583
26103,0.7564387871067393
18091,0.8654226277249712
37021,0.8833025979689663
19145,0.7816242790045832
40135,0.8495735358296589
46063,0.7614806008144651
15001,0.8776575145600647
17091,0.8307396182556387
48129,0.8921162003472354
5143,1.0574819275174712
41049,0.8836023680478262
1061,0.8893623728470282
29131,0.8497125697048296
6075,1.1061394064050447
39075,0.9370723734333531
21131,0.7140687484621796
48385,0.846248126816119
22081,0.8892950551837181
41067,0.8731002777777954
13033,0.8572948192634745
48117,1.5497112795011956
55063,0.8790114009151249
20193,1.0576079109211283
48397,0.8423976025380654
39069,0.8401639688336204
56007,0.9297392558097111
1097,0.8817511342095888
17201,0.8812995047591862
45015,0.8885210396533615
28053,0.9732588787828463
41037,0.8871961198773799
47081,0.7830047848689212
1085,0.8432787878040126
55087,0.8393611512237059
31081,0.8081833477133548
20119,0.879250181563914
13015,0.9569946256867703
21137,0.8277579043372691
55093,0.8558930103777768
36053,0.8841372723387394
48257,0.8413990869233667
49025,0.8499706665814291
37125,0.9240495678284963
16037,0.976170798331542
17183,0.8212313181229247
1055,0.796934165737308
26085,0.7996227394156407
18097,0.9019763737466464
6057,0.8711692499027313
31105,0.9335414650024557
22051,0.9463487452365532
37131,0.7428014183178477
48403,0.8389673865416919
13271,0.877637670624587
21000,0.8856181862701548
38027,0.9947703480739104
55069,0.7997082609255356
48263,0.6017338241319875
29137,0.7296775590642588
37000,0.875842082273731
51169,0.781069176505313
47123,0.7969001341049816
27005,0.9343807221948579
18133,0.7870749577760006
47099,0.7715496711167115
40117,0.8238292983796915
37101,0.8478569383900654
41061,0.7986542112415073
19017,0.8735020033295879
37107,0.8578809394389706
13003,1.36406783066551
21113,0.955232911985036
22057,2.4941451845338594
51139,0.7706032875181499
56001,0.7751931368280595
22063,0.8225157093508944
40141,0.856578494568621
26097,0.9378478928877608
49055,0.8644251560233818
17085,0.9034444210188785
46039,1.0740243905699223
28089,1.8863987616382856
30069,0.753498222524771
38039,0.8151896451836866
51145,0.8316994229634017
51133,0.9114896337066862
51163,0.7738453077636747
24037,0.8114294321966161
19023,0.9388783096345017
46045,0.9300041167653209
54045,0.7602722973338051
13241,0.8860156640541652
35029,0.7629195566644436
37003,0.82055408171201
35011,0.7935030424438264
26017,0.7723674708660622
48391,0.8185603839175607
35035,0.7734338937649838
48245,0.8891535581759141
36095,0.8589529041898474
40153,1.3109414656035039
21119,0.7398231377537969
19053,0.8654659898354284
27169,0.9147761483377042
21143,0.7988897243225965
46021,0.9469507112422815
49043,1.2404369153086807
48281,0.7848175343597911
30027,0.8707979764577013
37149,0.8281445107296437
38075,1.0130434889550277
48007,0.8414944592837265
1049,0.8341707372734064
47093,1.029058947218211
28065,0.7151003909105236
5119,1.1353203190492271
38021,1.0731598087413026
12086,1.1694547021390505
28101,0.8010458561067978
6051,0.9548928907669153
12107,0.7627015627537208
40147,0.8397174865688107
53009,0.7891512056348076
16031,1.2398852095611652
40007,0.9861412015352938
48141,0.8211004588588134
6045,0.9471907476591043
13167,0.8693439259265883
38045,1.0722758025767523
27035,0.8584890597935285
5149,0.8333657721370265
39063,0.8569649975753847
28059,0.854249645543084
55111,0.8977451422568054
37015,0.7492968675967293
29033,0.8456414358243882
53003,0.8131220734553659
13155,0.9803097610362415
51660,0.7858975012233365
16001,1.1099022637680613
38069,0.8028968442938446
6033,0.8068161162681627
22045,0.8179868219988882
45009,0.7760808378365175
22033,0.9081304466032251
17177,0.8270562794566924
22075,0.9909194284457478
35053,0.730463028251352
42005,0.8085038608862903
48433,0.8389481940676544
20199,0.8112970297255319
5039,0.7709831312523925
19193,1.0065285484138085
46027,0.8542364600834548
17103,0.8447715027626098
47075,0.8910221214469826
13259,0.727072382023714
56019,0.9558438103824841
40129,0.8110028183729954
34029,0.883325023590093
40103,0.8271350711748142
55043,0.9816097393350084
27107,0.8209570802626761
8109,0.9419790451789041
19089,0.8810503855575742
27000,0.9153811323493669
19095,1.3825406277948697
21051,0.6910439839316156
37185,0.8191770690311843
42059,0.7882851415021133
51595,0.6640771163192722
27125,0.7846663268843869
39159,0.8516163534200769
48225,0.8394319099837159
18059,0.794677182063678
31007,0.5497974052916491
26023,0.8076611349462061
38013,0.7936821727434695
48079,1.2929105845752962
48189,0.96595556519355
48335,0.7932836343672218
49005,0.9747394733554227
6007,0.8387128867050555
21185,0.9610973246763858
34035,1.3266581483791704
28137,0.819024335039956
40055,0.8797492800336231
5063,0.8783716896902913
48493,0.7847609305444627
5087,0.822201441593313
18169,0.846333788258968
41011,0.8074818960990148
2050,0.8430771637026884
18065,0.8088420461060599
20003,0.7960822274573113
4015,0.8397883549539449
27083,0.7985538286822231
29197,1.0533928083578883
47159,0.7507394368927467
48353,0.8088300153664554
5075,0.9215253062124135
13209,0.8716501054651504
42017,0.9703743288345521
53051,1.1374820690883718
28009,0.7071547694545218
26047,1.0716433970360257
29057,0.7627460022467423
13045,0.8294963621140289
27071,0.7845650484827342
41005,0.984683383089334
17115,0.9170383986820557
44000,0.8688614425275347
47007,0.7697796622362546
55019,0.8830598938836545
13051,0.8798761459000379
45063,0.896480258187167
20131,0.8896103777992947
51187,0.8720637783838467
48451,0.8684890536003476
37197,0.7448979011743743
40079,0.8058907120667901
21215,0.7606894629155491
36045,0.8101676419936652
39061,0.9317217371245742
50011,0.7949986391901689
40073,0.9576631783532605
19137,0.8899568598766797
26151,0.799233929751558
55129,0.8212130215242336
16061,0.8177729997462301
51095,0.879207958686956
29093,0.7678150450402972
6013,1.0526421690188323
46135,0.8472621905226387
48219,0.9301099549843509
31183,1.4765127502213085
53045,0.8063725607191843
47025,0.7671599287301561
48475,0.8484309045042642
47135,0.7839088427022028
44009,0.869485902266892
53039,0.877115767071614
26071,0.744626101019011
53057,0.8916554119731875
1011,0.7430711754349268
17151,0.8720289105332674
46099,0.8851641948069323
48469,0.918919885177588
47141,0.9230459086054127
53063,0.861023775794219
37075,0.8732862672331824
55135,0.8672873310429029
13087,0.8874727500476317
49023,0.8464323063967651
30105,0.9098719188106476
51735,0.7613678082161145
1035,0.7935985912975803
39007,0.7702258953024453
13069,1.0613313019788886
20125,0.7860813305034857
40097,0.8740681997306733
48499,0.826005584905451
37033,0.8111566863055079
48305,0.791071621658731
48067,0.7684122421183545
17145,0.7623286078661438
27095,0.9219615219598617
48195,0.9746396423035737
22099,0.7871232443562449
44003,0.8947588586671489
29063,0.8495247205901394
8115,0.8855954489704015
28003,0.8752631962926416
46093,0.8311867235266625
4021,0.9115494752670602
45039,0.9081555596511497
51640,0.7098506712729991
42071,0.8938098534333904
6019,0.9334040921915303
19083,0.9179524636513503
4012,0.8636399889129301
13179,0.8331164422924441
37081,0.8891550124264419
17005,0.8520023592555632
21063,0.6825837863948994
38105,1.0101709184634973
48043,0.7738360609178573
38093,0.9807529022366813
12021,1.3169619769625553
37093,0.7751193452879825
12027,0.8452502598570519
51077,0.8099951701038537
31061,0.8099487000428169
1023,0.7464393467501933
23031,0.8339812813592663
34017,0.8046171460193272
37051,0.7649361414377766
39171,0.8148661307330435
51119,0.7696198816154503
1005,0.7706372349689844
31025,0.8933668826841912
17121,0.7858492505524132
48365,0.8891812761121268
31165,1.1765593071908145
26157,0.7753432743196241
5099,0.771652303842635
1017,0.815763760109643
55049,0.8369959184086349
39135,0.7724116601730677
1133,0.8125070788501355
47043,0.7958773049154949
28039,0.7795416864204362
47019,0.7639901533214514
29203,0.8092623231169668
29099,0.8558746108256601
21045,0.8538581898509537
8103,0.8262939655337157
37069,0.7622009252398771
38099,0.9484089412598303
28027,0.8748610253900869
48329,2.0757556057521205
29173,0.8905112046220506
21227,0.8582195356558432
13093,0.862201136565477
37173,0.8080020879245239
48231,0.8107929188241136
42041,0.891281134560301
51113,0.867571520103419
39025,0.7955814313164727
16079,0.7489064706797292
39031,0.7856218216333987
18089,0.820448645945691
47147,0.8636557997550267
29039,0.8304968342097699
48103,0.6173862125180354
25005,0.8282244089602712
26053,0.8864053860478993
18041,0.7708051984101237
9011,0.8319741172699754
6025,0.8122611803468196
21081,0.783914895755355
38081,0.944966358375032
17127,0.7595760231685352
19101,0.9004500527079524
48341,1.195965804628061
20027,0.7983741427957453
13081,0.8780082325735328
30001,0.8799040753870937
31013,0.8431613298194361
48177,0.8532269467643878
29051,0.8178320524491658
47183,0.80018568976263
20179,1.014500141124051
47153,0.7566873374296775
29045,0.797419886009409
29167,0.7918626665202005
20137,0.8599732001513041
31001,0.8321856764065902
1121,0.8123836478799821
18083,0.777738683923861
31019,0.9711538166298246
49011,0.9659433386061191
39049,0.8594062296168214
37179,0.9160465333464259
26077,0.8357369339928895
18053,0.7997936822951366
21039,0.9147638129079269
55037,0.6975550230033021
55007,0.7881022033396987
46102,0.9814699569976062
48237,0.9392534381346315
51610,0.8375704725067532
19131,0.9700617695859828
28119,0.9627952350265653
13307,1.3676257919241621
20045,0.8481971369868498
18163,0.8405143971297452
13239,0.5278227006942874
20039,0.8608173847993918
17023,0.8531637324896452
12009,0.9187984949747053
54087,0.7523690537912053
20000,0.9242031573681799
21221,0.8911834064515776
31043,0.9950012848199734
42065,0.8048698039653789
36021,0.9228426716887721
50023,0.8775274428921718
20161,0.8938693890335154
51083,0.7973620027471864
53027,0.8167554724681123
27119,0.8478679556253633
39037,0.7858695847088633
51580,0.6175082272439631
53075,0.8275446207988866
18029,0.8158517714262817
19113,0.8329680659108072
36000,1.1094572192869776
33017,0.8333321746362361
41023,1.0773715572432179
13221,0.8632978263220195
22019,0.8563348275711797
45075,0.8008024529735162
20173,0.9857134129439973
8097,1.4052285138669491
1029,0.8085461310215564
22105,0.818052777368035
51193,0.7886624614906337
20143,0.7919935297415547
12125,0.8438618547231416
16073,1.2774976594674514
20009,0.9106219099802673
5051,0.8826714808445606
31141,1.0272273732106028
48049,0.8524093551662584
20149,0.80812034456706
21209,0.84586914384326
5111,0.8733070337524057
40049,0.9150592856104799
5069,0.9180259317779776
2220,0.8373966099047552
18157,0.8435970154104186
39147,0.7779794755331123
22001,0.8478086052939617
46081,0.8339076924221169
47129,0.7460293005012174
37063,0.8085370503521963
48061,0.8318931461475737
47171,0.7391705951322121
51059,1.0100961552001524
36113,0.9177748118203367
12051,0.9574402860415644
13197,0.8829844311157686
19077,0.8319041918923907
22117,0.8253194633709793
4009,1.2939562702894154
5093,0.9462094105913665
36027,0.9982389114316487
40091,0.8218113708496128
17133,0.9487675923326717
49017,0.7654569579786256
51101,0.7624290100396597
4000,1.0141975744229745
51750,0.7327700453468777
31171,0.7042891641413157
53033,1.0294515176654513
54093,0.6846527918389572
5057,0.7693159859691672
42023,0.7092706259365541
29185,0.7913711783462658
21191,0.7424532163641266
21173,0.8136674967809069
6111,1.0382542359111087
31031,0.9134719147368306
29221,0.8030215020353909
8091,0.9358326394244036
12039,0.7816810147733746
45069,0.742371580118863
48055,0.830979166507727
28045,0.9513744568090007
12131,1.2800010148821823
22123,0.8874210914628464
30007,0.7417487421358924
31177,0.8262537237371985
48085,0.9691080492486681
28125,0.9261744478309717
42053,0.7353252637230167
48213,0.870600154497101
37191,0.847551067559671
38087,0.6222413760326544
21093,0.7758956744470012
31153,0.8217825468693257
30093,0.8665818264961999
18175,0.7928358375942672
28155,0.7707494277426657
48463,1.1013608668739938
18181,0.8328952423757761
13215,0.9032307929102498
17035,0.8415308543684119
21075,0.732794180564422
6001,0.8982011084353602
9005,0.9389697883604798
33005,0.8976021921075942
36009,0.8473335755776803
45051,0.9265679212560463
13075,0.8346712405670751
22093,0.8354890568684437
16085,0.8681215557361033
47013,0.7998078497783604
13313,0.9849303211684247
46105,0.8848874404025288
20051,0.9221391778382387
45027,0.8721446808599734
18077,0.8194709186305338
1127,1.1060595303047611
8067,0.8928802563118264
47165,0.8751716661553991
22013,0.7823313363619004
28149,0.8924949505576528
48347,0.9120014578131156
42029,1.0745062306435402
21203,0.7116636861536255
12045,0.8902383888619657
31147,0.814082814292714
38001,0.8320695689514713
48097,0.9088291926359675
27101,0.8107460999143156
20185,0.880196836143109
55031,0.7781925892413438
28000,0.8860661369910228
42047,0.7899684650990431
55141,0.8416156435530623
31037,0.8662967792048123
28033,0.8375144079302812
39141,0.7640123093088879
46087,0.9107351073648778
21069,0.7408336996706272
56037,0.875425051750081
6099,0.9482822907940707
48201,1.336084823988486
23019,0.7783425510286496
48445,0.9459273841134032
45087,0.764042881283145
17011,0.8258269584361343
19119,0.9358608046087035
22111,0.8126898235572734
28143,0.8936604360291127
25017,0.9758691667515889
13191,0.8451116982878379
29087,0.9483149182245209
46007,1.4123280180062612
13233,0.7425374454366285
26029,1.095807771220977
36039,0.7924716080727283
48487,0.8194014999585244
1041,0.7944179260243883
39013,0.787342389495116
41017,0.9361091383051086
54081,0.788461423457488
12015,0.8561809787519199
29209,0.853175891062368
48311,0.8373088514515984
48439,0.9997993234091537
46111,0.8181813741969145
8085,0.8681749656872667
29069,0.888171419645149
30111,0.8315979298335205
54075,0.8234332542006492
31049,0.8442780205185448
21099,0.8411258818217897
23007,0.7865641932236529
36003,0.8178675664503164
21233,0.8129815717498683
37087,0.8120849428688426
51065,0.8271893582118723
39129,0.8779306823406496
40085,0.9101125617141319
13227,0.8424888153609487
27089,0.8853131723278903
25011,0.8056252959114285
4027,0.8769411887350922
39019,0.8023399674757186
8121,0.8976249618683895
12003,0.7579703150755058
18035,0.8221655875223144
20033,0.9749150431476716
40067,0.9902469473079288
36033,0.9441682543922008
2068,0.6185713110256933
46129,0.8910037019095801
23025,0.7736818460968967
48359,0.8406131107082409
5081,0.7584208246793644
21197,0.7076388836209038
45045,0.8941777709589087
27113,0.8072158813539045
17163,0.8073177558644794
22087,0.861153248614459
29179,0.8001383309836534
1047,0.8024732463811478
13105,0.7964291708212585
31135,1.0876527704014365
53069,0.810973981580526
13185,0.9494685009217281
12057,0.9448366984368649
27077,0.7663656297279111
48481,0.8424446688470575
47049,0.8443346984471539
28021,0.7794196239538708
51071,0.7388264561556867
42035,0.7669907823923379
26035,0.7388195720894236
13319,0.9263225029662092
20167,0.8509885001378472
17157,0.7693156065907878
48323,0.7930208453971539
21087,0.7908439710268823
30013,0.8947849289703537
37045,0.7842487077876429
39153,0.8524226968411449
19107,0.8097131844994322
19125,0.8728529994142682
17017,0.7868916697859457
28051,0.8054541124278713
48091,0.9347027065362893
26065,0.8961258246252495
1115,0.9051408889985256
55025,0.971513477069537
13099,0.9076988652556175
51199,0.9227516564264129
26163,0.8191605078265954
27131,0.8409049814678786
39001,0.7654623496743511
20155,0.8136397879067437
33011,0.8726040565865432
47031,0.8190359965802568
13063,0.7820945914218373
6105,0.8343770773664542
34041,0.7720942621965879
5105,0.7518978633379703
54099,0.7313851842388692
56043,0.9303095046599569
47037,0.9356664169893395
48317,0.9047576375864119
45057,0.9586588209946214
55013,0.7974143506261562
47001,0.7646467150048362
55001,0.800117611051395
16067,1.1074661605427667
31159,0.8567275611020294
37057,0.8144720750297062
26059,0.8316251631202871
37039,0.7572327054202478
17029,0.7968621446393852
29081,0.863953198928242
17109,0.7972834597722056
29075,0.7976390130148153
30087,0.8340917370293737
13057,0.9189542206674649
21179,0.8365521182390745
36119,1.2154986469118967
18047,0.7866573870803848
21057,0.7767822358950038
17139,0.8472774322056504
28015,0.8207127710945145
46075,2.316783341661702
47055,0.7939363108702269
51089,0.758915815753754
19003,0.896714185949121
36015,0.7516378866342158
22007,0.7316915117189202
39165,0.8864425362638444
46123,0.877545012190407
28131,0.8714318880024969
20021,0.8097760290692281
54105,0.7979257439728674
48207,0.8233968544649578
55123,0.8356150447790275
26083,0.6920905345908538
11000,1.0176006341504062
23013,0.9545078001822731
39055,1.0078583782521138
4003,0.8226893111085875
54001,0.763777517520112
46117,0.8698528269137616
39043,0.8086691685658114
31055,0.9889473038996808
40109,1.0778844647736954
40061,0.9567683466363841
48457,0.8093605930773805
50017,0.8183281989264988
29227,0.7274528626611698
51107,0.9637358648123592
37167,0.8152616330862915
17169,0.8145879951605199
19000,0.9139598929707192
26041,0.7950252779402567
29215,0.8349783362688243
38007,0.8824326492258275
45081,0.9535517615941032
51720,0.5703491244086709
30099,0.9566290672840648
12000,1.039751568657742
25023,0.9016929008926824
48073,0.8619615897155376
48183,1.0109794436223984
18071,0.9395371722294429
34023,0.896714468829751
12033,0.9166355369451409
45033,0.9068526199472338
8073,0.8353847079726864
8079,0.6149831018740501
28161,0.7378537286898064
47177,0.8895339345238205
20015,0.9072294930271034
42119,0.8546656332673552
27021,0.9304760245681495
54007,0.7773592966594426
21239,1.4972555935467902
17059,0.7646752588158047
12117,0.9204223145340641
24005,0.9418591284066544
35051,0.8039564121603284
48023,0.8552321323225203
27015,0.9310172134263192
20057,0.8501355273701227
18003,0.906375894899838
18119,0.796314459728728
1107,0.7531597586799778
12111,0.8725549393852569
37135,0.9320229054278246
13117,0.9276489829560258
36093,0.763010774658334
48255,0.8704413062019006
6043,0.7856173882632688
35015,0.9974079910422327
51700,0.7670891027234941
17089,0.8924372745031699
38019,0.8627741177107685
17077,0.7959142788009012
53013,0.7669176656352609
48115,0.9612364369517375
56035,0.9459201693621688
39073,0.8208738148810256
24011,0.8528210544897508
26101,0.7727462064989675
20081,-5.41785710476571
55055,0.9802203673119191
45007,0.8192444061048194
20069,0.9309803421471569
56011,0.9053335799522888
21105,0.780243520326096
21007,0.862141082679281
37001,0.8187365670757296
51185,0.7539202223505137
40127,0.7964473959710999
54049,0.7478769711274623
27009,0.8491691544616091
35027,0.8321521489919627
42009,0.7773211191204622
13287,0.9087462761173397
30025,0.9153270351025824
40029,0.8254983260055894
47121,0.756676124601953
26107,0.7838147600283373
36063,0.8009412004369161
36069,0.8844082817740885
8017,1.321203415858624
28075,0.905834741277286
48425,0.8605712309297252
27057,0.7825963358410849
51143,0.7805442216578218
1113,0.8596746247654385
48285,0.8221608114140742
38037,1.0115987886713218
24017,0.7497850937609919
40151,1.069481148249119
19063,0.8580662023157162
30049,0.8203966619910638
36057,0.7871402589271708
28081,0.8849923134043225
35033,0.7601124106263198
8059,0.8837733710536574
2000,0.8998873447021046
37153,0.7682522664887574
29105,0.8311572835447902
27143,0.8494943565358059
47085,0.832084552458488
19021,0.7943971294514621
5001,0.9427980175000146
49035,1.0265432343043093
53007,0.924872430239022
46061,0.938516838502108
48151,0.8262748128948065
26119,0.7445725496375233
22073,0.8768690071488061
13245,0.7972341365246113
18113,0.7964297102414796
29135,0.8110834864370468
31085,2.1747119449586916
32017,0.9070015503019546
35009,1.3958655483910776
16029,1.0431342345418246
29007,0.8211734699960107
24023,0.9653382857852932
48029,0.8854863263626113
20197,0.8721856610863238
42107,0.8607592994755817
48109,0.5283442724235982
51179,0.7444454069614344
26003,0.7477201194386758
28069,0.7864564236129049
13159,0.8205915437437307
29111,0.8024462241269177
27051,0.8687818045451922
26137,0.8556604033156825
39103,0.8521689505488462
40023,0.8385797875654559
46025,0.8826558915113558
51045,0.7133598762769905
56005,1.0213544690426193
53019,0.77379089751318
56023,0.9133485141775621
46043,1.0184293635700417
50003,0.9959956835774116
20117,0.8426369060063641
38049,0.9131111736528922
41059,0.8766950355314631
37099,0.8373137747041188
5043,0.8458735044829
21159,1.6212609667992106
55079,0.8879763703491622
36099,0.8150487969381988
51670,0.6866897125205328
12063,0.8180585479624664
18131,0.7894816411019936
42077,0.8261464473191548
37123,0.8963215121948508
41041,0.8447757744353217
5147,1.128341099938576
10000,0.9204401213566545
37025,0.9105682356366704
36087,1.5124889695135313
46013,0.981593584398342
12105,0.8359424437299751
8041,0.8426008458125513
51051,0.7388478112376472
13293,0.8412218646485503
20111,0.8064797697192128
48431,0.7191879979754988
36075,0.7793219871411076
17047,0.6925093584967477
5141,0.7603976050174441
51015,0.862519809194912
6067,0.9523744792062228
21165,0.6548730391792544
12081,1.043901760599079
39115,0.7463917742203127
16017,0.8882524230767099
17193,0.9106388525125161
17101,0.8207369731712056
54055,0.7705017695951404
32005,1.8250051153791855
41053,0.8160841816303357
30043,0.8009983210318757
48413,0.8661331691113682
5123,0.8272373086790574
13031,0.9139637076568773
17071,0.8536586737521219
19069,0.9078210415488804
22037,0.760064219275959
51000,0.8970625828210322
47103,0.8657048631120627
6079,1.0842778689870647
19179,0.8572581136040477
19197,0.8039152845474605
17199,0.7937487310012238
47109,0.9306118481698791
35057,0.7553217283240086
54037,0.7828871819644888
18149,0.7959127439588748
28105,0.7826613202991621
47115,0.9399202856179046
48505,0.7238744565681614
13001,0.8508153371307183
20209,0.7058410187368999
12075,0.8244756129898085
47061,0.8441818022314056
37147,0.838521460333203
13165,0.7071695653223208
27173,0.8800602792542107
21025,0.697392901708482
28099,0.8040001082644305
13141,0.8454703782975564
42095,0.8423292767841609
13123,0.8936206769470244
28111,0.7741677901605378
51027,0.7557293562155117
50000,0.8514051430960702
47079,0.8482703218822417
37141,0.7991639478775971
17181,0.7637676713321201
20203,0.8616386326115062
21141,0.8123259379388379
5117,0.9163439220142078
20099,0.8484309851726832
38073,0.8380968888891581
13263,1.1645356740009536
36111,0.8541847779146244
51021,0.7819367512350325
31097,0.7971597579173166
22025,0.8603463063105489
13281,1.0018291037917995
6061,1.0066154197468258
42101,0.8617623194701655
22085,0.7644811260038673
42125,0.8596970394362432
20105,0.9237366639870643
48121,0.9289291852808997
48011,1.2289796897002263
17095,0.7990458881296701
21037,0.8161251301528477
13147,1.0241746388858741
51685,0.6799260856938054
1053,0.8698391735637503
27003,0.8499626455208671
27149,1.0162687473546899
8029,0.8566554230378449
47073,0.7599189694938643
48163,0.9422376144411158
54031,0.8544416701264581
55061,0.9157704844710189
30037,1.008532807573957
22049,0.8385216422899249
51173,0.80458600944152
46055,1.0399986773559118
6037,1.08482597705962
21129,0.5802186343015895
24035,1.0095159018225806
28087,0.8247183283749746
51131,0.8295900167578256
29165,0.9942686249183674
19185,0.8535267943421923
21123,0.7534373187472417
40133,0.81622139610782
48407,0.7995169740584859
36081,0.8469118854179585
51155,0.7594035860755585
48139,0.9094532102129793
51840,0.8768294008954906
13251,0.7979415565733862
1077,0.8359094743102284
21001,0.7893094176441124
51009,0.7441831078360407
20075,3.6312278098213175
48017,0.9148020036032155
30019,0.8753637412721337
48157,0.8734361936208348
18107,0.8145155985843322
26125,1.1311557312852976
29117,0.9158222402050463
35039,0.7872037074169317
6055,1.100541211255871
1095,0.8839786769514348
26089,0.9894987601839661
53001,0.9689468590038119
6091,0.7412739466048762
12123,0.820046773770425
38061,0.8773865116845009
19051,0.9662460412567415
26015,0.8221355743051998
29031,0.8246477657257278
19045,0.8697864517890598
48249,0.8664537547730412
5007,0.9994353204509697
49041,0.8301845651508798
21117,0.9679307632288904
24047,0.8937795062231417
19155,0.832235053232325
30067,0.9169083891992669
18009,0.7859231463320444
55109,0.9130116285125518
6031,1.1622209230864122
29001,0.7845091052732842
35003,0.7994669080645802
21031,0.742781992763931
2122,0.8592507884909205
13153,0.8285633121537664
16005,0.8761416206368644
55103,0.8379041595018477
8023,0.7425474347717398
22031,0.8424194848425863
51036,0.7644971959520572
54019,0.763547694124011
51167,0.7975301241408009
56029,0.8728073098263651
31121,0.8833986183296872
38025,0.9561442396136584
35006,0.7210860567659904
36051,0.775824816727076
17083,0.8592493663910229
18095,0.805291340750971
21147,0.8960284548385411
13269,0.7160208121063986
16023,0.9930211002895318
13299,0.8333499473611474
28063,0.7541462900467072
29153,0.88036277185108
46037,1.0178161650499382
48273,0.7939566972590844
19143,1.2342613319803242
45025,0.7573646455657983
48279,0.9926237129269365
48383,0.7507239656632041
51125,0.8299899852045381
37019,1.0329243273258029
51137,0.9419707560139263
22043,0.7378616814037879
45019,1.002621411763359
13257,0.8492485123801016
37013,0.7984528748599581
46067,0.796371609258992
13135,0.8530737698615227
39091,0.9301801314904486
1083,0.771641684470638
48401,0.8272214910915712
48267,0.869618987459185
8035,1.0503189263342145
8053,0.5934576506499558
49029,0.9750832107708828
17175,0.8360709366670331
54013,0.7263261350028865
37111,0.8098861812046051
27161,0.9149670075800096
40139,0.8623660571340582
51530,0.6761806927803045
6085,0.9375803939360977
38067,1.011009785243293
56017,0.8537473863550197
18137,0.844877220283978
47067,0.6723805749322358
5129,0.7972491237481353
51003,1.2806121764890144
18143,0.7425715616362409
2110,0.8520806352428256
20063,0.8546426068279815
41065,0.844356000933786
13111,0.9859612816569127
19161,0.8053923046364041
37117,0.8486192875937781
30055,0.958733675091115
27155,1.24780074187568
49047,0.9649681343885053
39085,0.8628003040485194
55115,0.8978004491466376
29129,0.9476465699889397
27033,0.8382956495087472
13275,0.9154042680624077
19191,0.9330412157476251
21135,0.7059524374331204
55073,0.8968344583057206
21153,0.7780891942168543
19149,1.2611810380739645
26143,0.787341207153132
40121,0.8794431963612314
27027,0.8646787575733725
27167,0.917598288078745
29019,0.838664584918263
31067,0.8076135243075715
38031,0.8511298660687309
19173,0.997039618343282
48419,0.9070074178099716
19015,0.7758079590859706
48133,0.8742878353061979
6073,1.017009954756883
37159,0.8079565129081332
48377,0.9377068191715948
28093,0.8452435912810443
32011,0.9461798774163537
37129,0.9538176104955564
41029,0.8722739849415879
13013,0.9222043582588111
27137,0.7934343151733315
42003,0.909728852076513
42131,0.8834968656333346
46019,0.79829790733832
48389,0.9803034710550245
5019,0.835636648285707
12093,0.823458815191497
31079,0.8444120662176523
55085,0.8341091274454439
27063,0.827861209022361
55097,0.8088588692939724
17053,0.8278765105394196
48395,0.8822505211316247
54043,0.7245281569863437
31091,0.5855211973363222
20087,0.7817453586663514
39121,0.7985116494133406
19167,1.8445919911216195
40035,0.83957207320327
31109,0.8988545530016062
48371,0.9042691056071387
34009,0.9148404586212963
19033,0.8896290146700848
41047,0.8719243937865311
2158,0.5255813031024259
30079,1.032898818755531
31073,0.7797732491654508
34003,1.155140476014602
19039,0.7934825252320228
27045,0.8397870213666797
22061,0.8235330550535261
35045,0.8736813805750993
39127,0.7615922337684845
40041,0.9010865423853585
8005,1.0079212766794805
41071,0.8337985154306864
13019,0.9385371721931964
38055,1.0413380054139996
40145,0.9334358929559485
55067,0.9321373023079119
48291,0.7957038630060101
22067,0.8734289870024846
1101,1.0254378093757257
48261,0.5919763235777705
38043,0.9806148480818796
19027,1.014342422136611
13007,0.9775621481287016
21111,0.9460047440883779
24029,0.9693676016285849
39079,0.7779339600715665
42083,0.8044442100832301
17187,0.9291908297321092
13037,1.1315846934999814
20093,1.0812103439167347
24041,1.0360384487928598
5013,0.8068822488517831
27039,0.8291310124208026
29141,0.7465053627982642
18015,0.8119527497675222
31103,0.6622918993235273
5135,0.786737029057889
17041,0.8169633495903125
22079,0.8601183322822694
34000,0.9880807619540949
54061,0.913273865668894
5025,0.7539005696847344
8014,0.9084056671724059
26000,0.8838101553808994
18021,0.8041132440471008
39067,0.7776602874696238
19009,0.9945711947432587
40115,0.8932252235484935
29510,0.9721541670456926
47091,0.8258300124729283
12069,0.8761714099695047
26113,0.8466157473972759
54067,0.788202978749247
8047,0.8332402218602852
16047,136.71283951749095
13025,0.7243335673252876
39097,0.9139373667520143
48243,0.7378465294807877
48297,0.9684646565028867
37105,0.8002381030207298
48169,0.9014781282172818
49053,1.0236320952394573
18000,0.8535955755109829
18125,0.7441146478655929
18101,0.7202677074473317
19057,0.8805197563073763
39109,0.7910774294028208
29123,0.8272329437598371
26149,0.8576720650855153
37007,0.7135884135229477
45001,0.7811265638606654
1059,0.9459347780612013
6049,0.8392911060117303
26009,0.927247803048295
35000,0.862605901007522
42000,0.890480054552728
10003,0.9631875532117595
29013,0.7806243114154202
22055,0.9414608227645499
40011,0.874874302763268
42089,0.8277874986793495
1071,0.8302710474687779
26095,0.743575478098337
12099,1.2841330132830506
46031,0.9650293570150407
29147,0.7815433410701628
8011,0.8842601900512242
31127,0.8289386355567419
32023,0.7967472360604649
35021,0.9611337022655703
48035,0.8353891577706433
1089,0.8414479664926262
48005,0.8488152930897785
41035,0.9383864267142996
20191,0.8515505358564828
28057,0.779245839307682
51033,0.76090309428203
32029,0.7527034700600784
40017,0.7918601844290383
51149,0.7733789880185385
48127,0.9069144377057176
46073,0.8672703024217023
5037,0.9499443543024126
12087,1.131329437898214
34015,0.8379702740101044
16011,1.1162504393406993
29025,0.8041326067842267
48145,1.0489947043728256
55091,0.8342535811666433
16035,0.8023091187160252
21019,0.8416689661760767
36105,0.8641330750558751
45013,1.1328868498680242
30031,1.0001150994695078
21013,0.757045055558171
47097,0.8821050057232496
40005,0.816877875141631
51810,0.9691631973554048
29159,0.7945849117663425
30073,0.8695011526721551
46049,0.8787283308852629
13171,0.9208651422149505
47189,0.8259026203909758
16041,0.8484407503149723
54025,0.891832251446464
42113,0.7972277145550147
17065,0.7897452543940382
51161,0.8297562603331711
5031,0.9678077277177721
1065,0.8484165485769838
26131,0.7171206644351882
16053,2.234220518262326
31115,1.05733318897713
30061,0.8151697267655826
13129,0.8832136940726892
18167,0.8487115480904583
12013,0.8272371723486037
31005,1.1245030068563984
18081,0.8253210159740358
29183,0.937169469802536
37165,0.7829162709588908
13225,0.8227502887306677
45067,0.8121309461385846
55035,0.909605799039446
44007,0.822454240667936
39175,0.8212037614799023
26033,0.8279891097116884
48199,0.8022759697402729
37055,0.9330337249447527
55053,0.9232579446171607
47187,1.0873875142935796
28031,0.8447930571836435
13201,1.2421954544691363
29186,0.7433936881674633
6011,1.001054364231038
28007,0.764880846451813
17033,0.843112493099785
26039,0.7673975704366446
31169,0.9015641431047977
20123,0.8136466680181034
27117,0.932031562067336
40077,0.8056516546737519
40101,0.8236949798996893
48101,0.94962172434282
20049,0.8056185353497206
48437,0.853347455968528
27069,0.8643281247310597
34021,0.9312776913905771
51117,0.7954163855925963
22121,0.757415541820274
37085,0.7912464647763886
2170,0.8753389292900551
13067,0.9226189277784219
31181,0.8484871103035178
41003,0.7792687775526478
48041,0.8903014222061499
18155,0.7626378505776471
12129,0.7530145957315533
13219,1.1593911589771122
20055,0.9257334048685569
47023,0.7491687903339798
45049,0.804378227012781
22127,0.8171991873572593
18033,0.8337095395369456
6115,0.8364884972113714
38079,0.8083423935551004
12037,0.9050309462829553
28001,0.8352933012784995
39169,0.8181695663494883
46079,0.8056008831343945
5085,0.8302095732067887
20007,0.9484155811413723
26063,0.823906161002208
29213,1.047502922355238
42015,0.7882775545138774
47053,0.8080918612729828
53073,0.9314271611303693
4013,1.1075625820620756
13231,0.9658870945730319
28043,0.783507866666285
30091,0.8912150106936233
51730,0.6937245764720571
37091,0.7334505284816373
51087,0.8205307273635128
45031,0.827958368855483
25021,0.9799112717574517
17003,0.6502371394859064
4025,0.9121678245568006
21067,1.1579740786656474
29207,0.9103585995078594
46097,0.9296366693805859
26051,0.7598399238064325
27111,0.843786447695149
20043,0.8011373334608699
49000,1.0468698970284294
6109,0.8175672380085013
26155,0.7631871163070065
1039,0.8098254987138251
26021,0.8651438043775602
54097,0.7604539947296062
36123,0.8036507303529683
27093,0.8364863879940594
25027,0.8313056142931522
38005,0.957579469325554
22017,1.0476631780960464
51075,1.1373900312740517
36019,0.7708484290312437
48077,0.8676009405018534
17000,0.971346405126855
38085,1.5467503976746624
5103,0.8055461200592076
36117,0.7585560649297549
37067,0.8510563712545318
48491,0.7985649648489732
18045,0.8567129846499798
2188,0.5949895298595262
21195,0.86170617951646
48339,1.053168053679147
1045,0.7773228817416885
6005,0.8993336042048644
18087,0.8098350851155942
42063,0.8182270220819478
34039,0.9107153151021545
48315,0.8616046061636404
51760,1.017935160452393
21219,0.8052000878033052
42075,0.7510336750826809
28025,0.8007556799756361
40059,0.9939789839415358
53043,0.8130629613218312
13061,1.5749420864437147
28153,0.8666155418158282
8065,0.7102905732254513
39035,0.9085649685422649
21189,0.6631264335681029
6097,1.0166567504916841
39151,0.8189489101577851
51057,0.7886012712244337
41021,0.5582532809648239
20019,0.8031077127445713
28019,0.6775145157821312
28147,0.7825789611559505
19099,0.7760531249259751
21049,0.8229959783822204
28037,0.7063908362304137
46103,0.8968494046363019
18039,0.8743747542003119
33000,0.8765374731835536
4007,0.820874020462119
54079,0.9306167391584742
48449,0.8556123363102762
13311,0.8345848435334215
21043,0.7523534777286277
22109,1.029863982184039
37177,1.0114069151252805
18057,1.028846553905717
36031,0.9786374183572817
19123,0.8227426357563539
2164,0.5516971393968235
21073,0.8302785975110097
13195,0.8067424232010528
48485,0.9228918912460253
42039,0.7890057627242653
37061,1.1661536255607161
49009,0.5740505565554378
17009,0.879687225331992
21103,0.7512033831866135
27001,0.801083537129805
1131,0.8309900711906238
13305,0.8016989403455591
21055,0.7675118485963073
45037,0.8114673891275993
46085,0.8803950954665317
50015,0.8840544792279741
8101,0.8184181683330461
51775,0.8199373798726081
31035,0.8546399045928034
23029,0.7472502055284665
31163,1.0000816692907737
16083,1.190542645177244
30085,0.94148549328956
48205,1.440694851352447
29177,0.7621702627377518
37043,0.8803924796491259
12007,0.8357127011521764
5097,0.7387957304487647
21177,0.8090353691340656
48065,0.7949620420157621
48497,0.8522807034218565
49021,0.867483804262592
8077,0.8739859984365241
13049,0.7586360972384325
9000,1.0023096458691165
19075,0.8664936753069129
23011,0.7830906305402698
31023,0.7689252471276805
38097,0.8956945392174159
44001,0.9937932916378968
1009,0.7919745044440523
21061,0.7191430585403769
48095,0.8600259805302534
12055,0.885795332536211
20135,0.7412029266798243
12019,0.8578998719111072
39059,0.800680350849021
29225,0.8137432780440377
17143,0.9085795157787347
26075,0.8394016909528085
39017,0.8494053921609009
4001,0.8511311720020738
13207,0.8319537686553004
19117,0.8217683408465777
47151,0.7913884407199968
48211,1.0400313931725487
21085,0.788007430866661
8113,1.084053419689791
27087,0.792891004531829
6029,0.9502068631660099
27123,0.8757088466189614
8095,0.8668738459566447
20013,0.8183647758856912
29079,0.8125073711450195
42051,0.8151005956203105
42057,0.7461240068337004
47035,0.8004575253525495
48223,0.8950000152318326
53067,0.8500752053000153
4019,0.8563181294168202
13183,0.7371563870777087
39053,0.7784430411014799
39139,0.817036642038048
55017,0.8443401527178819
17161,0.8586221927026398
49015,0.7901628657140441
45043,0.9362971537004414
47181,0.7602380382123235
33009,0.9235100713918725
56041,0.8194861718261026
48309,0.8402344394048421
50009,0.7219775595523382
40071,0.8455332026280888
13043,1.5794159870485829
31053,0.7870121298786306
1125,0.8789271944986073
9009,0.8170436481035148
19093,0.9412432457543823
29201,0.8579395790489065
19129,0.8291376868274735
8125,0.8766197026417791
21213,0.7847048296108139
41000,0.8764252668684398
1027,0.8597133416663614
48181,0.8424364263671815
48175,0.8340186670633769
21079,0.8362974399893415
47169,0.7892154951486623
29037,0.8244070919432216
1015,0.7743170769275824
8119,0.8068538153054292
48235,0.7570303805570441
17021,0.9009752151042368
6103,0.8769706922090822
19111,0.877073143244014
51081,0.7722864750794276
46127,0.9173949934266262
13189,0.7784014504140294
29219,0.9345195504427789
30109,0.5332856845163878
1000,0.8821651095613348
25009,0.8956540747549938
48321,0.7764986215299812
18051,0.7921191895144581
8083,0.8455624739468548
13177,0.8503839131122933
26081,0.8791958290048708
30017,0.9621599017126138
17155,0.7494455129852743
18161,0.7499833076608459
28141,0.7383770534722607
30011,0.7801325271113222
37183,0.9175436780105547
39023,0.7771962919809524
41009,0.7877265330927883
18069,0.8481380612249023
51111,0.7830936458584842
11001,1.0176006341504062
39005,0.8632234679450658
48303,0.8976013547207986
22103,1.2156675212322106
41027,1.0780289487508972
13079,0.7812756411070468
47139,0.7464806748568554
48461,0.9728086833285071
34033,0.8603878775439265
29061,0.8101501392378343
26045,0.8155003925889712
37079,0.770237690394529
46005,0.9436395569271296
40083,0.8089583914464243
31029,1.3699030435340669
48059,0.814335338290586
20159,0.7843104679010144
29189,1.0233762403223712
48479,0.868749254901819
55005,0.8888443533527097
29085,0.79605646450569
37049,0.8878852007093397
53061,0.8494715185131716
1021,0.8551373616140029
13085,0.9175211615577261
55011,0.8369770703535344
28159,0.830373536807562
54091,0.7348537713867564
13103,0.9460985152746725
2185,0.6555237167801455
55133,1.047548270402795
46109,0.8913890141905076
55047,0.8938999227505312
29097,0.8392712428771865
36001,0.8603597085602445
27129,1.011163484611491
53031,0.9434742981785995
8107,1.257514300214311
17119,0.8138649487426404
40053,0.9054733736024351
48047,0.7025105889245407
27075,0.7785049580755449
31151,0.7477875754841895
20025,0.7700855552390841
17131,0.8371299909861666
8089,0.9823744723196995
37171,0.8441169260099589
48089,0.9857503713443828
18063,0.8004764513811649
51510,0.9443353670288993
47127,0.7612537083164459
20031,0.8587208318041423
18179,0.7961454483793813
23017,0.8034788792779266
27105,0.8598506125369944
1033,0.880749816367792
12049,0.8908239418743996
40065,0.8090968915243506
45055,0.8039134222660007
49003,0.8126218707012894
55041,0.7224684695748606
48217,0.8755982662088109
19001,0.862973397659723
36043,0.7924977749987042
53025,1.007785325973878
18075,0.8169899807377199
48071,0.7860794366931343
31175,1.132731117016229
29043,0.8525834392935431
51069,0.8579634686078604
20141,0.8216713333488492
16059,0.8414795401238773
45061,0.8188022051242138
40107,0.8119366092948316
42027,0.801826604415019
20183,0.7577919569017928
47029,0.8098557971707516
48053,0.926685378931197
8071,0.8881939537443333
39041,1.2429594729276756
48333,0.8389499521943246
48357,0.9037390739513319
13213,0.8170015320846331
25000,0.9256502659454771
19081,0.9423858160120352
20147,0.8977096607152664
28123,0.8031781200247194
48187,0.7963798526306259
54073,0.7707527800168603
27081,0.8672059793631028
55127,0.9281356809199414
45073,0.8681667324824227
51099,0.7709869500894363
5055,0.8559203119236192
37189,0.9018441214916751
22115,0.8563530243456313
30103,0.6119188851087795
37073,0.7761970846392693
36013,0.7880352213608611
26161,0.8701385052414451
48473,0.8352826735721521
29091,0.8382066155579768
37037,0.9289906362228639
20171,0.9050967407600112
36007,0.8080394879412912
20177,0.8434919111961929
21201,0.5468885596991986
39157,0.8480841445435731
17027,0.837449164876658
12043,0.8318657181559623
17107,0.8119667997580821
47047,0.9272356742878931
36037,0.8775967066507006
48363,0.8920272965340696
47145,0.7499464213378119
2060,0.5474879444321443
21231,0.7812821703337681
46091,1.0145969216703683
46121,0.6954016147013604
27099,0.8521556107039515
5067,0.9170276396296633
33015,0.8963256498231837
53049,0.7929445155232359
19087,0.8007262025186489
29195,0.8093856430885807
42069,0.8110399082408164
53055,1.0015681883227603
48229,1.0858345383502295
21183,0.7966479652433704
12001,0.9036920978385273
13237,0.9439887537740683
39163,0.748820784919457
37031,0.8649576374061639
31059,0.8844020891952414
16071,1.1336944342641548
22091,0.7624859352313537
30097,0.8743553110045307
5091,0.8302867428048378
54085,0.7879195778632064
39047,0.8348331538977213
12031,0.9338816336832686
9003,0.8600678751586908
17137,0.8763673007817315
17149,0.9527919980137702
41015,0.8382037299223442
20165,0.7332067127005261
23023,0.7871764232028701
47157,0.9733532499766846
54103,0.7025971560650738
26027,0.9009659385120272
42033,0.7930159421190779
6017,0.9191308552931582
28135,0.8033066259643166
20037,0.9071680009136004
28049,0.918899496726143
55023,0.8648448153197423
29073,0.8430900774677182
47041,1.0466096137404577
1119,0.7935788443252303
6023,0.8137541104781804
9015,0.7657863740039241
31145,1.0717718406338512
47175,0.6779889183604977
48327,0.9677700149337544
48467,0.7926881968421952
17113,0.9062759788497887
28013,0.8187509520860874
29055,0.8713950622659524
31157,0.8380282007882385
50021,0.8374721360198496
16065,0.9998568432784871
28129,0.8608009438425676
48443,0.5416353705901886
51197,0.8342211987218975
1003,0.9102837765633315
39029,0.79038791453921
13055,0.7336120282642435
21171,0.7858470624129847
28117,0.7483258652644238
55121,0.952076147884971
53037,0.9350319002691384
19105,0.8878168735501563
37195,0.9540311419114157
45085,0.8113465303178822
47017,0.7553866258280274
48345,0.716056479551222
47133,0.7936437706789568
48351,0.7834518821843084
26057,0.8345689123899631
26069,0.7470911635687809
29171,0.7589866155881608
38103,1.0880980546175902
21225,0.9337103021773674
36025,0.7791167931729703
31133,0.8955732171969788
40089,0.9302027281424745
39145,0.8114009230254209
30005,1.2751167821652363
48083,0.9030233204236143
51063,0.7966647343796369
21091,0.7322055496970091
40047,0.8839160334823991
42045,0.916229476139076
31017,1.2490512488816987
5049,0.8084019637435909
19135,0.9428300771710677
48193,1.0129278808971591
50027,0.8280541233924902
13317,0.8494477359578874
20153,0.9299898964078225
48455,0.835562506137959
29049,0.8522509376126857
34027,1.2142329602811206
51105,0.809082107333975
31011,1.5550848127375634
5061,0.8849070811019182
17125,0.8451208069578046
21207,0.8051486921166786
22011,0.7721336481710727
25003,0.9096172203437917
45079,0.8306364147775267
17039,0.7772664957334643
5109,0.8746466883941145
13097,0.9093797114224114
25015,0.8371251662532504
39133,0.8406126886702061
51590,0.7918477538075822
45091,0.8630976047835858
33003,0.8982245894876609
5073,1.0583415628585788
17015,0.7808678129043812
17167,0.8513930109596856
47011,0.9168584608027138
54109,0.7123292137894761
20129,0.8460867312677558
55029,0.8807945810179624
31047,0.8470094199147071
38091,0.9489748756965909
31139,0.9755598772965173
13073,0.8622046455601514
22005,0.7583378210461459
21097,0.8367033490480763
39011,0.8115564046964544
29067,0.7707126824289695
46115,1.0452786869351447
31041,0.8859777877331556
51191,0.8042103389907574
2090,0.8264106442331967
23005,0.9553237560166732
22097,0.8920835366998467
13091,0.9823927238775315
18027,0.8426879086338255
16077,1.694281367105363
38011,1.0362128169416627
18173,0.8148742845728076
42021,0.8070983277088093
47005,0.7671918643711443
55139,0.8390831718852426
5079,0.8631580236307191
47163,0.8596686280413851
31065,0.9550825866288573
20001,0.8369423747899388
51093,0.7486800013486975
40095,0.8384836537771102
51620,0.6924500896058331
